<?xml version="1.0" encoding="UTF-8"?>
<project-private xmlns="http://www.netbeans.org/ns/project-private/1">
    <editor-bookmarks xmlns="http://www.netbeans.org/ns/editor-bookmarks/2" lastBookmarkId="0"/>
    <open-files xmlns="http://www.netbeans.org/ns/projectui-open-files/2">
        <group>
            <file>file:/C:/Users/HUAWEI/Documents/NetBeansProjects/MVC_EP3_Ivan_Gennaro_CI5705312/src/Vista/CRUD_Producto.java</file>
            <file>file:/C:/Users/HUAWEI/Documents/NetBeansProjects/MVC_EP3_Ivan_Gennaro_CI5705312/src/Vista/Vista_Venta.java</file>
            <file>file:/C:/Users/HUAWEI/Documents/NetBeansProjects/MVC_EP3_Ivan_Gennaro_CI5705312/src/Vista/CRUD_Cliente.java</file>
            <file>file:/C:/Users/HUAWEI/Documents/NetBeansProjects/MVC_EP3_Ivan_Gennaro_CI5705312/src/Vista/Menu_Principal.java</file>
            <file>file:/C:/Users/HUAWEI/Documents/NetBeansProjects/MVC_EP3_Ivan_Gennaro_CI5705312/src/Controlador/controlador.java</file>
            <file>file:/C:/Users/HUAWEI/Documents/NetBeansProjects/MVC_EP3_Ivan_Gennaro_CI5705312/src/Modelo/metodos.java</file>
            <file>file:/C:/Users/HUAWEI/Documents/NetBeansProjects/MVC_EP3_Ivan_Gennaro_CI5705312/src/Modelo/conexion.java</file>
            <file>file:/C:/Users/HUAWEI/Documents/NetBeansProjects/MVC_EP3_Ivan_Gennaro_CI5705312/src/Vista/Login.java</file>
            <file>file:/C:/Users/HUAWEI/Documents/NetBeansProjects/MVC_EP3_Ivan_Gennaro_CI5705312/src/Vista/CRUD_Proveedor.java</file>
        </group>
    </open-files>
</project-private>
